<?xml version="1.0" encoding="UTF-8"?>
<!DOCTYPE mapper PUBLIC "-//mybatis.org//DTD Mapper 3.0//EN" "http://mybatis.org/dtd/mybatis-3-mapper.dtd">

<mapper namespace="toefadm.mapper.HompageMapper.NoticeMapper">
    <select id="selectNoticeList" resultType="toefadm.dto.HompageDto.NoticeDto.NoticeDto">
		<![CDATA[

           SELECT
				  dn_type as dnType
				, dn_code as dnCode
				, category as category
				, dn_title as dnTitle
				, dn_content as dnContent
				, dn_status as dnStatus
				, dn_name as dnName
				, dn_regdate as dnRegdate
				, dn_insert_pc as dnInsertPc
				, dn_update_userid as dnUpdateUserid
				, dn_lastdate as dnLastdate
				, dn_update_pc as dnUpdatePc
				, dn_view_cnt as dnViewCnt
				, dn_filename as dnFilename
				, dn_filename2 as dnFilename2
				FROM toefl.toefl_admboard
				where dn_type = 'NOTICE'
				order by dn_regdate desc


        ]]>
	</select>
	<select id="findItemMainList" resultType="toefadm.dto.HompageDto.NoticeDto.NoticeDto" parameterType="toefadm.dto.HompageDto.NoticeDto.NoticeParamsDto">
			 SELECT
				  dn_type as dnType
				, dn_code as dnCode
				, category as category
				, dn_title as dnTitle
				, dn_content as dnContent
				, dn_status as dnStatus
				, dn_name as dnName
				, dn_regdate as dnRegdate
				, dn_insert_pc as dnInsertPc
				, dn_update_userid as dnUpdateUserid
				, dn_lastdate as dnLastdate
				, dn_update_pc as dnUpdatePc
				, dn_view_cnt as dnViewCnt
				, dn_filename as dnFilename
				, dn_filename2 as dnFilename2
			 FROM toefl.toefl_admboard A left outer Join toefl.ddst_admin B on A.dn_name = B.dtu_LoginId
			 where 1=1
			 and
				dn_type = 'NOTICE'
				<if test='dnStatus != " "'>
				and
				dn_status = #{dnStatus}
				</if>
				<if test='psearchType == "title"'>
					and
					dn_title  like '%'  #{psearchKeyword}  '%'
				</if>
				<if test='psearchType == "content"'>
					and
					dn_content like '%'  #{psearchKeyword}  '%'
				</if>
				<if test='usearchType == "id"'>
					and
					dn_name like '%' + #{usearchKeyword} + '%'
				</if>
				<if test='usearchType == "name"'>
					and
					dtu_UserName like '%'  #{usearchKeyword}  '%'
				</if>
				<if test='pnoticeNo != ""'>
					and
					dn_code = #{pnoticeNo}
				</if>


		order by dn_regdate desc

	</select>
</mapper>